person_id,glasses,beard,moustache,poses,gender,race
00168,Yes,No,No,a,Male,Asian
00524,Yes,No,No,"ql,pr,a,qr,hr,fb,fa,hl,pl",Male,White
00794,No,No,No,"fa,fb,rb,pl,pr,hr,ra,ql,qr,rc,hl",Male,White
00727,No,No,No,"pl,fa,hr,qr,rc,pr,ql,fb,hl,re,rb,rd,ra",Female,White
00117,Yes,No,No,a,Male,Asian
00833,Yes,No,No,"a,hr,hl,fa,pl,pr,fb",Male,White
00338,Yes,No,No,"hl,a,fb,pl,pr,fa,hr",Male,White
00246,No,No,No,"hl,fb,pr,pl,fa,hr",Male,Asian
00815,No,No,No,"rc,fb,ra,pr,hl,fa,hr,qr,ql,rb,pl",Female,White
00080,No,No,No,"hr,fa,pl,pr,fb",Male,White
00915,No,No,No,"qr,ra,fa,pl,fb,ql,pr,hr,rb,hl,rc",Female,Black
00547,Yes,No,No,"b,a,fb,pr,c,qr,hr,pl,hl,ql,fa",Female,White
00178,No,No,No,"fb,pl,hr,pr,fa",Male,Asian
00671,No,No,No,"hr,re,qr,hl,rc,ql,pl,pr,rd,fa,fb",Male,White
00508,Yes,Yes,No,"hl,ra,fb,ql,a,fa,pr,rc,pl,hr,qr,rb",Male,White
01011,No,No,No,"fb,hl,pl,pr,qr,re,rc,hr,fa,rd,ql",Female,White
00348,No,No,No,"hr,pr,fb,fa,hl,pl",Male,Hispanic
00977,No,No,No,"hl,rd,qr,hr,re,pr,rc,ql,pl,fb,fa",,
00367,No,No,No,"fb,pr,hl,pl,hr,fa",Male,Hispanic
00690,No,No,No,"ql,rc,qr,pr,fb,pl,re,fa,hr,hl,rd",Male,Asian
00864,No,No,No,"fb,hl,fa,pl,pr,hr",Female,White
00188,No,No,No,"hr,pl,hl,pr,fa,fb",Male,Asian
00781,Yes,No,No,"a,hr,fb,qr,ra,ql,pr,rb,pl,fa,hl,rc",Female,White
00518,No,No,No,"qr,hl,fb,hr,pr,pl,fa,ql",Male,White
00892,No,No,Yes,"hl,pr,rd,re,pl,qr,fa,hr,fb,rc,ql",Male,White
00900,No,No,Yes,"rc,pl,fb,fa,ql,qr,pr,hl,hr,rd,re,rb,ra",Male,White
00811,No,No,Yes,"ra,hr,pr,fb,ql,pl,hl,qr,rb,rc,fa",Male,White
00242,No,No,No,"hr,pl,hl,fa,pr,fb",Female,Asian
00752,No,No,No,"fa,hr,re,ql,hl,rc,fb,rd,qr,pl,pr,rb,ra",Male,Asian
00797,No,No,No,"rb,fb,pl,fa,qr,ra,rc,pr,hl,hr,rd,re,ql",Male,Hispanic
00102,No,No,No,"fb,pl,fa,hr,pr",Female,Black
00187,Yes,No,No,a,Male,Black
00358,No,No,Yes,"fa,hl,pl,pr,fb,hr",Male,Black
00806,No,Yes,No,"pr,fa,hr,ql,hl,pl,rd,re,fb,qr,ra,rc,rb",Male,Asian
00714,No,No,No,"rc,fb,pl,rd,pr,re,fa,ql,hr,hl,rb,ra,qr",Male,White
00984,No,No,No,"fb,hl,pl,rb,pr,ra,rc,fa,hr,qr,ql",Female,White
00173,Yes,No,No,a,Male,White
00186,Yes,No,No,a,Male,White
00528,No,No,No,"fa,ql,pr,hl,pl,fb,hr,qr",Male,White
00921,No,No,No,"ra,pl,hl,rc,fb,ql,pr,rb,fa,hr",Male,Asian
00270,No,No,No,"hr,fb,fa,pr,hl,pl",Female,White
00185,No,No,No,"pr,hr,pl,hl,fa,fb",Female,White
00493,No,No,No,"fa,qr,hl,pr,hr,pl,fb,ql",Male,Asian
00123,No,No,No,"hr,pr,fa,fb,pl",Female,White
00045,Yes,No,No,a,Female,Asian
00368,Yes,No,No,a,Male,White
00285,No,No,No,"fb,pr,fa,pl,hr,hl",Male,White
00066,Yes,Yes,No,a,Male,Asian
00443,No,No,No,"pl,fa,hr,fb,pr",Female,Hispanic
00021,No,No,No,"fb,pr,hr,hl,fa",Female,White
00538,Yes,No,No,"hl,a,pl,fa,ql,hr,qr,pr,fb",Male,White
00417,No,No,No,"fa,fb,hl,pr,pl,hr",Female,White
00880,No,No,No,"fb,re,rc,fa,pl,qr,hr,ql,pr,hl,rd",Male,Asian
00034,Yes,No,Yes,a,Male,Asian
00378,No,No,No,"pr,fb,hl,hr,pl,fa",Female,Black
00272,No,No,No,"fb,hl,pl,pr,hr,fa",Male,White
00782,No,No,No,"hl,qr,re,rd,pl,fa,pr,fb,rc,hr,ql",Female,White
00708,No,No,No,"ql,hr,re,qr,rb,hl,rc,fa,fb,rd,pr,pl,ra",Male,White
00132,No,No,No,"fb,hr,pl,fa,pr",Male,Asian
00847,No,No,No,"pr,hl,fa,pl,hr,fb",Male,White
00131,No,No,No,"hr,pr,fa,fb,pl",Male,Asian
00237,No,No,No,"hl,pr,fa,pl,fb,hr",Male,Asian
00746,No,No,Yes,"pl,qr,fa,rc,pr,ql,ra,fb,rd,hl,hr,rb,re",Male,Black
00661,No,No,No,"qr,re,rc,ql,hr,hl,fb,fa,rd,pl",Female,White
00190,No,No,No,"hr,hl,pl,fa,pr,fb",Female,Asian
00548,Yes,No,No,"fa,hl,qr,a,pl,hr,pr,ql,fb",Female,Hispanic
00904,No,No,No,"hl,ql,ra,pl,pr,rb,fb,fa,qr,hr,rc",Male,White
00154,No,No,No,"hr,fb,hl,fa,pr,pl",Female,Pacific
01001,No,Yes,No,"rc,hr,rd,hl,pl,fb,qr,re,pr,fa,ql",Male,White
00667,No,No,No,"fb,ql,ra,qr,rc,hl,pl,hr,pr,fa,rb",Male,Asian
00388,No,No,No,"fb,hl,pr,pl,fa,hr",Female,White
00718,No,No,Yes,"hl,rc,pl,ql,fa,ra,hr,fb,rb,qr,pr",Male,White
00116,No,No,No,"fa,pl,hr,pr,fb",Male,Asian
00460,No,No,No,"fb,hr,pl,hl,pr,fa",Male,Hispanic
00626,No,No,Yes,"hr,hl,rb,qr,fa,rc,pr,fb,ql,re,rd,pl,ra",Male,White
00773,No,No,No,"rc,pr,ra,ql,qr,hl,pl,fa,hr,fb,rb",Female,Hispanic
00089,No,No,Yes,"pl,hr,fa,pr,fb",Male,Asian
00771,No,No,No,"fa,ql,hl,qr,rc,fb,rd,re,hr,pl,rb,ra,pr",Male,White
00635,No,No,No,"fb,pr,rc,qr,hr,pl,rd,ql,fa,hl,re",Female,Hispanic
00875,No,No,No,"pl,hl,fa,pr",Male,White
00558,No,Yes,No,"pr,ql,hl,qr,hr,fb,pl,fa",Male,Black
00801,No,No,Yes,"rd,fb,re,hr,pr,pl,fa,qr,rc,hl,ql",Male,Black
00735,No,Yes,No,"ql,hr,fa,qr,fb,pr,re,rd,pl,rc,hl",Male,White
00723,No,No,No,"fb,fa,hl,rb,qr,ra,ql,rc,pr,hr,pl",Female,White
00506,Yes,No,No,"ql,a,fa,hl,hr,pl,qr,pr,fb",Female,White
00398,No,No,No,"hr,pr,hl,pl,fa,fb",Female,White
00728,No,No,No,"ql,rc,qr,re,hr,pl,rb,fa,hl,ra,fb,pr,rd",Female,White
00224,No,No,No,"pl,hl,fb,hr,pr,fa",Female,White
00911,No,No,No,"pl,fb,qr,hl,pr,rb,hr,rc,fa,ra,ql",Male,Asian
00494,No,Yes,No,"pr,qr,hr,ql,hl,fa,pl,fb",Male,White
00568,No,No,No,"fb,qr,rc,pr,hl,fa,ql,re,hr,rd,pl",Female,Asian
00162,No,No,No,"fa,hl,fb,pr,pl,hr",Male,White
00040,No,No,No,"hr,fa,fb,pr,pl,hl",Female,White
00622,No,No,Yes,"hl,fb,hr,re,rc,fa,rd,qr,pl,ql,pr",Male,Hispanic
00380,No,No,No,"fb,pr,fa,pl,hr,hl",Female,White
00738,No,No,No,"fa,pr,qr,rc,ql,hr,fb,rb,hl,ra,pl",Male,White
00344,No,No,No,"hl,hr,pr,pl,fa,fb",Female,White
00003,Yes,No,Yes,"a,fa,rd,qr,pr,hr,re,pl,hl,fb,ql,rc",Male,Black
00566,No,No,No,"ql,fb,hl,pl,re,hr,pr,qr,rd,rc,fa",Male,Asian
00769,No,No,No,"rc,fb,hl,pl,pr,qr,fa,re,ql,hr,rd,rb,ra",Female,Black
00578,No,No,No,"ql,pr,hr,hl,pl,fa,ra,rc,fb,qr,rb",Male,Asian
00650,No,No,No,"hr,rd,qr,fb,rc,pl,pr,re,fa,ql,hl",Female,Asian
00908,No,Yes,No,"rc,pl,hl,fa,ql,qr,hr,ra,pr,rb,fb",Male,White
00489,No,Yes,No,"hl,fb,pr,ql,qr,hr,fa,pl",Male,White
00990,No,No,Yes,"ql,fb,pr,fa,pl,re,qr,hl,rc,hr,rd",Male,Asian
00121,No,No,No,"hr,fa,fb,pl,pr",Female,Black
00063,No,No,No,"pr,hr,fb,fa,pl",Male,Hispanic
00446,No,No,No,"pl,pr,fa,hr,fb,hl",Female,Black
00588,No,No,No,"hr,ql,pl,fb,qr,pr,fa,ra,hl,rc,rb",Male,Asian
00918,No,Yes,No,"hr,fb,ql,fa,pr,qr,rc,ra,rb,pl,hl",Male,White
00383,Yes,No,No,"ql,fa,re,hl,a,pr,rc,pl,hr,fb,qr,rd",Male,Asian
00549,Yes,No,No,"pl,a,hl,fb,hr,pr,fa,ql,qr",Female,Hispanic
00192,No,No,No,"pl,hr,hl,fa,fb,pr",Male,Asian
00414,Yes,No,No,"hl,a,pr,pl,hr,fa,fb",Female,White
00467,No,No,Yes,"ql,pr,pl,hr,hl,qr,fb,fa",Male,Black
00684,No,No,No,"ra,rc,rb,ql,hl,fb,fa,pl,pr,hr,qr",Male,White
00652,No,No,No,"fa,rc,ql,pr,ra,pl,qr,rb,hl,hr,fb",Male,Asian
00230,No,No,No,"pr,hr,pl,fb,hl,fa",Male,White
00758,No,No,No,"pl,hl,re,fa,rc,qr,fb,hr,ql,rd,rb,pr,ra",Female,White
00269,Yes,No,No,"a,hl,hr,pr,pl,fa,fb",Male,White
00002,No,No,No,"pr,fa,rc,qr,ql,hr,pl,hl,ra,fb,rb",Male,White
00512,Yes,No,No,"a,pr,pl,hl,fb,hr,fa,qr,ql",Male,Asian
00333,No,No,No,"fa,hl,hr,fb,pl,pr",Male,White
00761,No,No,Yes,"ql,hr,pl,ra,pr,rc,fb,hl,qr,fa,rb",Male,White
00570,Yes,No,No,"hl,a,pr,rb,hr,ql,fb,rc,fa,qr,pl,ra",Male,Asian
00598,No,No,No,"fb,rc,ql,pr,hr,re,rd,fa,qr,hl,pl",Female,Asian
00897,No,No,No,"hr,pl,fb,pr,re,rc,qr,fa,hl,ql,rd",Male,White
00928,No,No,No,"hl,ql,pr,hr,fa,ra,rb,pl,rc,fb,qr",Male,White
01006,No,No,Yes,"hr,qr,pr,re,hl,rd,pl,ql,rc,fb,fa",Male,White
00287,Yes,No,No,"fb,fa,hr,a,pl,hl,pr",Male,White
00534,Yes,No,No,"pl,a,pr,fa,ql,qr,hr,fb,hl",Female,White
00653,No,No,No,"rc,qr,pr,ra,hr,hl,fb,ql,pl,rb,fa",Female,White
00329,No,No,No,"fa,fb,pl,hr,pr,hl",Female,White
00768,No,No,No,"rc,pr,re,fb,hr,qr,pl,fa,rd,hl,ql,ra,rb",Male,White
00840,No,No,No,"fb,pl,fa,pr,hr,hl",Female,White
00603,No,No,No,"pr,pl,rc,qr,hl,hr,ql,fb,ra,fa,rb",Male,White
00901,No,No,Yes,"fb,rc,qr,hl,ql,fa,pr,ra,hr,pl,rb",Male,White
00889,No,No,No,"hr,fa,fb,pl,qr,hl,ql,re,rd,rc,pr",Female,White
00386,No,No,No,"pl,fb,hr,pr,fa,hl",Female,Black
00896,No,Yes,No,"rc,re,qr,fb,hl,fa,pr,pl,hr,rd,ql",Male,White
00049,No,No,No,"pl,pr,fb,hl,fa",Male,White
00595,No,Yes,No,"fa,fb,rd,pr,rc,ql,hr,hl,re,pl,qr",Male,White
00938,No,No,No,"fb,rc,pl,hl,hr,ra,fa,pr,rb,qr,ql",Male,White
00215,Yes,No,No,a,Male,Asian
00455,No,No,No,"pr,fa,fb,hr,hl,pl",Female,White
00695,No,No,No,"qr,rb,fa,hl,hr,fb,pr,ql,rc,pl,ra",Male,White
00150,Yes,No,No,a,Male,Asian
00315,No,No,No,"pr,fa,fb,hl,pl,hr",Female,White
00555,No,No,No,"qr,hl,hr,pl,fa,ql,pr,fb",Female,White
00795,No,No,No,"hl,rd,rc,qr,re,fa,pr,fb,ql,hr,pl",Male,Asian
00778,No,No,No,"fb,qr,re,hl,pl,ql,fa,pr,rd,hr,rc",Male,White
00001,Yes,No,No,a,Male,White
00266,No,No,No,"pr,fb,hl,fa,pl,hr",Female,White
00949,No,No,No,"qr,rb,fa,hr,fb,pr,pl,rc,ql,hl,ra",,
00109,No,No,No,"pl,fa,pr,fb,hr",Male,White
00682,No,No,No,"hl,qr,rc,ql,fa,fb,pr,pl,rb,ra,hr",Female,White
00517,Yes,No,No,"pr,qr,fa,a,pl,ql,fb,hr,hl",Male,White
00874,No,No,No,"pr,hl,fa,hr,fb,pl",Male,White
00032,Yes,No,No,a,Female,White
00420,No,No,No,"fa,hr,pr,hl,pl,fb",Female,White
00542,No,No,No,"qr,fa,hr,fb,pr,ql,hl,pl",Male,White
00948,No,No,No,"hl,rc,fa,pl,re,ql,qr,hr,fb,rd,pr",,
01004,No,Yes,No,"rc,ra,qr,fb,fa,pr,hr,hl,pl,ql,rb",Male,White
00669,Yes,No,Yes,"hl,ql,rc,fa,pl,a,fb,hr,qr,rb,ra,pr",Male,White
00983,No,No,No,"pl,pr,fb,qr,rc,hr,rd,hl,fa,re",Male,White
00760,No,No,Yes,"hr,fb,fa,rc,hl,ql,qr,rd,pr,rb,pl,re,ra",Male,White
00111,No,No,No,"fa,fb,hl,pl,pr",Female,White
00947,No,No,No,"fb,hl,ra,pr,rc,rb,ql,hr,fa,pl,qr",Male,White
00788,No,No,No,"hr,fa,hl,rb,ra,pl,pr,qr,rc,ql,fb",Female,White
00389,No,No,No,"fb,hr,pl,hl,pr,fa",Female,White
00337,No,No,No,"hr,pl,hl,pr,fb,fa",Female,White
00641,No,Yes,No,"pr,ql,rc,rd,fb,hl,pl,fa,hr,re,qr",Male,White
00724,No,No,No,"rc,fb,hr,pl,fa,hl,ra,re,pr,rd,ql,qr,rb",Male,Asian
00933,No,No,No,"hr,pr,qr,fb,rc,hl,fa,rd,ql,re,pl",Male,Asian
00994,No,No,No,"rc,ql,pr,fb,hr,pl,hl,ra,fa,rb,qr",Male,Asian
00946,No,No,No,"ql,pl,rd,re,fb,hr,fa,qr,hl,pr,rc",Female,Black
00729,No,Yes,No,"pl,hl,fb,qr,fa,hr,pr,ra,rb,ql,rc",Male,White
00958,No,No,No,"rd,rc,pl,qr,ql,hl,fa,pr,re,hr,fb",Female,White
00767,No,Yes,No,"pl,hl,rb,fb,pr,fa,rc,qr,ql,hr,ra",Male,White
00157,Yes,No,No,"a,pr,re,fb,rd,fa,qr,hl,rc,pl,ql,hr",Male,Asian
00449,No,No,No,"fa,hl,fb,pl,pr,hr",Female,Asian
00798,No,No,No,"hr,fa,pr,hl,qr,fb,rd,pl,rc,re,ql",Male,White
00805,No,No,Yes,"fb,ql,qr,fa,pl,re,rc,pr,hl,hr,rd",Male,White
00751,No,No,Yes,"fb,rb,pr,hr,ql,fa,re,ra,rc,pl,hl,rd,qr",Male,White
00316,No,No,No,"pl,fa,fb,hr,pr,hl",Female,White
00826,No,No,No,"fb,hr,fa,pl,pr,hl",Male,White
00905,No,No,Yes,"rb,hr,fa,hl,pl,ql,rc,ra,pr,qr,fb",Male,White
00340,Yes,No,No,"fa,a,hr,hl,fb,pr,pl",Male,White
00169,Yes,No,No,a,Male,Asian
00587,No,No,No,"pr,rc,qr,ra,hl,fb,rb,fa,ql,hr,pl",Male,Hispanic
00968,No,No,Yes,"rb,hr,hl,ql,ra,qr,fa,pr,fb,rc,pl",Male,White
00213,No,No,No,"hl,pr,fb,pl,hr,fa",Male,White
00509,Yes,No,No,"a,qr,hl,pr,hr,pl,fb,ql,fa",Male,White
00062,No,No,No,"pr,fa,fb,hl,pl",Male,White
00572,No,No,No,"rb,pl,pr,rc,qr,ra,hl,fa,ql,fb,hr",Male,Asian
00706,No,No,No,"fa,fb,ql,qr,ra,hl,pl,rb,rc,pr,hr",Male,White
00044,No,No,No,"pl,pr,fb,hl,fa",Female,Asian
00610,No,No,No,"fb,rd,fa,qr,re,hl,hr,ql,rc,pl,pr",Male,Asian
00086,No,No,No,"hl,hr,fb,pl,pr,fa",Male,White
00229,No,No,No,"fa,fb,hr,pl,pr,hl",Male,White
00950,No,Yes,No,"hl,re,pr,ql,fb,fa,qr,rd,pl",Male,White
01207,No,Yes,No,"hr,pr,fa,hl,fb,pl",Male,Asian
00273,No,No,Yes,"hl,pr,hr,pl,fa,fb",Male,Black
00978,No,No,No,"fb,rb,fa,ra,pr,qr,pl,ql,hl,hr,rc",,
00789,No,No,No,"pr,hl,pl,ql,ra,re,fb,hr,rb,fa,rc,qr,rd",Female,White
00914,No,No,No,"pr,re,pl,hr,fb,ql,rd,fa,qr,hl",Female,White
00164,Yes,No,No,a,Male,Asian
00491,No,No,No,"fa,ql,qr,pl,fb,hr,rd,pr,hl,re,rc",Male,White
00593,No,No,No,"rb,fa,ql,qr,hr,hl,fb,pr,rc,pl,ra",Male,White
00817,No,No,No,"fa,pl,rc,fb,hr,qr,pr,ql,ra,rb",Male,White
00207,No,No,No,"pl,pr,fa,hl,fb,hr",Male,White
00766,No,No,No,"pl,hr,ql,rc,fb,pr,re,qr,hl,rd,fa",Male,White
00849,Yes,No,No,a,Female,White
00009,Yes,No,No,a,Male,Asian
00988,No,No,No,"fa,fb,ql,pl,hr,rd,rc,re,hl,qr,pr",Male,Asian
00543,No,No,No,"pr,hr,fb,re,rc,fa,hl,qr,ql,pl,rd",,
00175,Yes,No,No,a,Female,White
00530,No,No,No,"hl,fb,qr,pl,ql,fa,pr,hr",Female,White
00101,No,No,No,"fa,pl,fb,pr,hr",Female,Hispanic
00637,No,No,No,"rc,rb,fa,hr,pr,qr,fb,pl,ra,ql,hl",Female,Asian
00569,No,No,No,"qr,pl,pr,ra,fb,ql,fa,rc,hr,hl,rb",Female,Hispanic
00035,No,No,No,"hr,hl,pr,fa,fb",Male,White
00275,No,No,No,"hr,fb,pr,fa,pl,hl",,
00027,No,No,No,"hr,fa,pr,hl,fb",Female,White
00631,No,No,No,"hr,rb,qr,hl,fb,ql,ra,pr,fa,pl,rc",Female,Asian
00092,No,No,No,"fa,fb,pl,pr,hr",Female,Black
00136,No,No,No,"hr,fb,pr,pl,fa",Male,White
00646,No,No,No,"rd,fa,pr,rc,pl,re,qr,fb,hl,hr,ql",Male,White
00863,No,No,No,"hl,pl,fb,hr,pr,fa",Male,White
00135,Yes,No,No,a,Male,Asian
00909,No,No,No,"pl,fa,rc,hr,rb,fb,qr,ra,pr,ql,hl",Male,White
00234,No,No,No,"pl,hl,hr,fb,pr,fa",Male,Asian
00800,No,No,Yes,"re,rd,qr,ql,fb,fa,pl,hr,rc,pr,hl",Male,Asian
00412,No,No,No,"hr,pr,fb,pl,fa,hl",Female,White
01009,No,No,No,"qr,pl,hl,rc,fa,rd,fb,ql,pr,re,hr",Female,Black
00998,No,Yes,No,"pr,rc,re,hr,hl,pl,fa,fb,rd,ql,qr",Male,White
00457,No,No,No,"hr,pr,fb,fa,hl,pl",Female,White
00813,No,No,No,"fa,ra,hr,fb,qr,rb,rc,pl,pr,hl,ql",Male,White
00629,No,No,No,"qr,fa,hr,pr,ra,fb,ql,pl,rc,hl,rb",Male,Asian
00016,No,No,No,"hl,fa,fb,hr,pr",Male,Pacific
00741,No,No,No,"pr,qr,fa,ql,fb,rd,hl,re,hr,pl,rc",Male,White
00354,No,No,No,"fa,hl,hr,pl,pr,fb",Female,White
00887,No,No,No,"re,rc,ql,qr,pl,rd,pr,fb,hl,hr,fa",Male,White
00110,No,No,No,"fa,pl,pr,hr,fb",Male,Asian
00008,Yes,No,Yes,a,Male,Asian
00409,No,No,No,"fb,hr,hl,pl,pr,fa",Female,White
00720,No,No,No,"rb,hl,pr,hr,ql,fb,fa,re,pl,qr,rc,rd,ra",Female,Black
00625,No,No,No,"rb,hl,fa,hr,fb,pr,ql,ra,pl,rc,qr",Male,Asian
00865,Yes,No,No,a,Male,White
00018,No,No,No,"hl,pr,hr,fa,fb",Female,White
01012,No,No,No,"rb,pl,hl,fa,pr,ra,rc,ql,hr,fb,qr",Male,White
00586,No,No,Yes,"rd,rc,fa,hl,ql,fb,re,qr,pl,pr,hr",Male,Black
00725,No,No,No,"pl,pr,hl,ra,ql,fb,rc,fa,hr,rb,qr",Female,White
00965,No,No,No,"pl,pr,ql,ra,hl,rc,qr,rb,fb,fa,hr",Female,Hispanic
00442,No,No,No,"fa,pr,hl,hr,fb,pl",Female,Asian
00481,Yes,No,No,"pl,fa,hr,a,hl,ql,qr,pr,fb",Female,White
00952,No,No,No,"hl,pr,fa,ql,fb,hr,rd,re,qr,rc,pl",Male,White
00302,No,No,No,"fb,pl,fa,pr,hr,hl",Female,Black
00424,No,No,No,"pl,fb,pr,fa,hr,hl",Female,Hispanic
00902,No,No,Yes,"rc,hr,hl,rb,qr,ql,fa,fb,ra,pl",Male,White
00153,No,No,No,"fb,hr,fa,hl,pr",Male,Asian
00694,No,No,No,"re,pl,fa,ql,hl,fb,hr,rd,rc,qr,pr",Female,White
00466,No,No,No,"pl,hl,qr,hr,fb,fa,pr,ql",Female,White
00090,No,No,No,"fb,pl,fa,pr,hr",Female,White
00028,No,No,Yes,"fa,rc,qr,hl,hr,ra,pr,fb,pl,ql,rb",Male,Asian
00473,No,No,No,"qr,hl,fb,re,ql,rd,hr,pr,fa,pl,rc",Male,White
00103,Yes,Yes,No,a,Male,Asian
00591,No,No,No,"pl,hr,ql,rb,hl,qr,fb,pr,ra,rc,fa",Male,White
00300,No,No,No,"fb,fa,pl,hl,hr,pr",Male,Black
00544,Yes,No,Yes,"a,qr,fa,hl,fb,hr,pl,pr,ql",Male,Black
00621,No,No,No,"pr,hr,pl,re,fa,fb,rc,qr,hl,ql,rb,rd,ra",Male,Hispanic
00423,No,No,No,"hl,fb,hr,fa,pl,pr",Female,White
00038,No,No,Yes,"fa,hl,hr,pr,fb,pl",Male,Asian
00809,No,No,No,"qr,fa,rd,hr,rb,rc,pr,ra,ql,pl,hl,fb,re",Male,Asian
00257,No,No,Yes,"hl,fa,pr,fb,hr,pl",Male,Black
00910,No,No,No,"hr,pl,ra,fb,qr,fa,rb,rc,hl,ql,pr",Female,White
00731,No,No,No,"pr,fa,hr,fb,rb,pl,qr,hl,ql,ra,rc",Female,White
00472,Yes,No,No,"a,fb,ql,fa,hl,pr,pl,ra,hr,rb,qr,rc",Female,Black
00982,No,No,No,"ra,rb,ql,hl,hr,pl,qr,rc,fa,fb,pr",Male,Asian
00516,Yes,No,No,"a,fb,hr,pr,ql,qr,hl,fa,pl",Male,Asian
00095,No,No,Yes,"pl,pr,hl,hr,fa,fb",Male,Asian
00687,No,No,No,"qr,rb,ra,rc,ql,pl,fa,pr,hr,hl,fb",Female,Asian
00332,No,No,No,"hr,fb,hl,pl,pr,fa",Male,Black
00932,No,No,No,"qr,ra,fa,ql,rb,hl,fb,rc,pr,hr,pl",Male,Asian
00048,Yes,No,No,a,Male,White
00077,No,No,No,"fa,hr,pr,pl",Male,Asian
00614,No,No,No,"qr,hr,ql,re,hl,pr,rc,pl,ra,rb,fa,rd,fb",Male,Asian
00884,No,No,No,"hr,fb,fa,rc,ra,qr,ql,rb,hl,pl,pr",Male,White
00280,No,No,No,"fa,hl,fb,hr,pr,pl",Female,White
00218,No,No,No,"pl,fa,hr,pr,fb,hl",Female,Asian
00906,No,No,Yes,"qr,rd,hl,hr,pl,fb,fa,rc,pr,re,ql",Male,White
00753,No,No,No,"qr,rd,re,rc,fa,fb,hr,hl,pr,ql,pl",Male,White
00286,Yes,No,No,"fa,hl,fb,a,hr,pl,pr",Male,White
00734,No,No,No,"ra,fa,fb,pl,qr,ql,hl,rb,pr,hr,rc",Male,Asian
00058,No,No,No,"hl,fb,fa,pl,pr",Male,Asian
00703,No,No,No,"hl,fa,pr,rd,ql,re,qr,fb,hr,rc,pl",Female,White
00471,No,No,No,"hr,fb,hl,ql,pr,qr,pl,fa",Male,White
00890,No,No,Yes,"hl,hr,pr,ql,pl,ra,rc,fa,rb,qr,fb",Male,White
00228,Yes,No,No,a,Male,Black
00917,No,No,No,"hl,rc,rb,qr,pl,pr,hr,fb,fa,ql,ra",Male,Black
00307,No,No,No,"fa,pl,hr,pr,fb,hl",Female,White
00068,No,No,No,"pl,hl,pr,fb,fa",Female,White
00585,No,No,No,"hr,pl,ra,hl,qr,pr,fa,ql,rc,fb,rb",Male,White
00966,No,No,No,"fa,re,hr,qr,pl,hl,rd,fb,rc,ql,pr",Male,White
00205,No,No,No,"pr,fb,pl,hr,hl,fa",Male,Asian
00581,No,No,No,"qr,pl,ql,fb,fa,rc,hr,pr,re,hl,rd",Female,White
00445,No,No,No,"hr,hl,pr,fb,fa,pl",Female,White
00362,No,No,No,"hl,fb,hr,fa,pr,pl",Male,White
00685,No,No,No,"rd,qr,fa,hr,rc,pr,pl,re,ql,fb,hl",Male,White
00737,No,No,No,"fa,qr,ql,fb,pl,pr,hr,ra,hl,re,rd,rb,rc",Male,Asian
00611,No,No,No,"fa,pl,hr,rb,ra,hl,ql,pr,rc,qr,fb",Male,Asian
00822,No,Yes,No,"fb,hr,pr,fa,hl,pl",Male,White
00127,No,No,No,"pr,hr,fa,fb,pl",Male,Black
00305,No,No,No,"hl,fa,hr,pl,fb,pr",Female,Black
00545,Yes,No,No,"a,qr,pr,hr,ql,pl,fb,hl,fa",Male,Asian
00785,No,No,No,"pr,hl,fb,ql,fa,pl,qr,re,hr,rd,rc",Male,White
00238,No,No,No,"hl,pl,hr,fb,pr,fa",Female,Hispanic
00054,Yes,No,No,a,Male,Asian
00336,No,No,No,"pl,fa,pr,hl,fb,hr",Female,White
00846,Yes,No,No,"fa,pr,fb,a,hr,pl",Male,White
00470,No,No,No,"ql,fa,pr,hl,qr,hr,re,rd,pl,fb,rc",Male,White
00078,Yes,Yes,No,a,Male,White
00093,No,Yes,No,"qr,pl,pr,hr,fa,fb,hl,re,rc,ql,rd",Male,Asian
00557,No,No,No,"pr,hl,ql,pl,fb,hr,qr,fa",Female,White
00721,No,Yes,No,"rc,fb,fa,ql,hl,rb,re,pr,pl,qr,hr,ra",Male,White
00924,No,Yes,No,"hl,fa,pl,ql,rc,fb,pr,qr,hr,rb",Male,White
00174,Yes,No,No,a,Male,Asian
00248,No,No,No,"hr,hl,fb,pl,pr,fa",Male,White
00043,No,No,No,"fa,pr,pl,hl,fb",Female,Asian
00216,No,No,No,"pl,fa,hl,fb,hr,pr",Male,Asian
00726,No,No,No,"hr,qr,rd,re,fb,ql,pl,fa,rc,pr,hl",Male,Asian
00987,No,No,No,"rc,rd,re,hl,pl,fa,hr,pr,fb,ql,qr",Male,White
00377,No,No,No,"hl,fb,pl,fa,pr,hr",Female,Black
00088,Yes,No,No,a,Male,Asian
00363,No,No,No,"fb,pr,hl,pl,hr,fa",Male,White
00050,No,No,No,"fb,hl,pr,pl,fa",Male,White
00197,No,No,No,"fa,pl,hr,hl,pr,fb",Female,Asian
00258,No,No,No,"hr,pl,fa,pr,hl,fb",Male,White
00392,Yes,No,No,"pr,a,hl,hr,fb,fa,pl",Female,Black
00683,No,No,No,"fa,rc,hr,re,hl,qr,rd,pl,ql,pr,fb",Male,White
00299,No,No,No,"fb,pl,fa,hl,hr,pr",Male,White
00313,No,No,No,"pl,pr,hr,fa,hl,fb",Female,Hispanic
00390,No,No,No,"pl,fa,hl,fb,hr,pr",Female,White
00852,No,No,No,"fb,pl,hr,hl,fa,pr",Male,White
00202,No,No,No,"hl,fb,fa,pl,pr,hr",Female,White
00712,No,No,No,"pr,rb,rc,hr,pl,ql,fa,hl,qr,fb,ra",Male,Asian
00098,No,No,No,"pl,pr,fa,hr,fb",Female,Black
00428,No,No,No,"hl,hr,pl,fb,fa,pr",Female,White
00786,No,No,No,"hl,rc,pl,hr,ra,fb,pr,fa,qr,rb,ql",Female,Black
00244,No,No,No,"fb,hl,pr,fa,pl",Female,Black
00633,No,No,No,"rd,pr,hl,fa,ql,rc,re,pl,hr,qr,fb",Female,Asian
00461,Yes,No,No,"a,fb,hr,hl,pr,fa,pl",Male,Asian
00660,No,No,No,"hr,pl,re,fa,ra,rc,hl,qr,pr,rd,ql,rb,fb",Male,White
00607,No,No,No,"pl,rb,ra,ql,hr,hl,pr,fa,qr,fb,rc",Female,White
00268,No,No,No,"pr,ql,pl,rc,fb,hl,re,qr,hr,ra,fa,rb",Male,White
00156,Yes,No,No,a,Male,Asian
00666,No,No,No,"qr,re,fa,ql,hr,pr,fb,rc,pl,hl,rd",Male,Hispanic
00079,Yes,No,No,a,Male,White
00364,No,No,No,"hr,pr,pl,fa,hl",Male,White
00438,No,No,No,"pr,pl,hl,fb,fa,hr",Female,White
00571,No,No,No,"hr,fa,qr,fb,pr,hl,re,rd,rc,ql,pl",Female,Asian
00427,No,No,No,"pl,hr,hl,fa,pr,fb",Female,White
00601,No,No,Yes,"pr,hl,fa,qr,rb,rc,fb,ql,ra,pl,hr",Male,Asian
00278,No,No,No,"hr,pr,pl,hl,fa,fb",Female,White
00036,Yes,No,No,a,Male,White
00979,No,No,No,"ql,hr,pl,pr,qr,hl,fb,rc,rd,re,fa",Male,Asian
00139,No,No,No,"fb,pr,fa,hl,pl",Male,Asian
00857,No,No,No,"fb,fa,hr,pr,pl,hl",Male,Black
00247,No,No,Yes,"fa,pl,fb,hr,hl,rc,pr,qr,re,rd,ql",Male,Asian
00448,No,No,No,"hr,fb,fa,pl,pr,hl",Female,White
00882,No,No,Yes,"rc,pr,hr,fb,rd,qr,ql,hl,re,fa,pl",Male,White
00963,No,No,No,"hl,pr,hr,ql,qr,fa,rc,ra,rb,pl,fb",Female,Black
00699,No,No,No,"fb,hl,qr,rb,pl,hr,ra,ql,pr,fa,rc",Female,Pacific
00580,No,No,Yes,"qr,rb,rc,ql,ra,pr,fa,pl,fb,hl,hr",Male,Asian
00711,No,No,Yes,"rc,pr,rd,hr,hl,pl,fb,re,ql,rb,qr,fa,ra",Male,White
00742,No,No,No,"fa,fb,rc,re,pr,rd,pl,ql,qr,hl,hr",Female,White
00165,Yes,No,No,a,Male,Asian
00288,No,No,No,"pr,hl,hr,pl,fa,fb",Female,Asian
00025,No,No,No,"fa,fb,hl,hr,pr",Male,Asian
00265,No,No,No,"fb,hl,hr,fa,pl,pr",Female,Asian
00677,No,No,No,"fa,fb,qr,rc,hr,ra,rb,ql,hl,pr,pl",Male,Black
00434,No,No,No,"fb,hr,pl,hl,pr,fa",Female,White
00913,No,No,No,"hl,ra,hr,fa,qr,rc,fb,pl,ql,pr",Male,Asian
00125,No,No,No,"fb,fa,hr,pl,pr",Female,White
00850,No,No,No,"hl,pl,pr,hr,fb,fa",Female,White
00458,No,No,No,"hr,hl,pr,fb,pl,fa",Female,White
00554,No,No,No,"pr,hl,hr,pl,qr,fa,ql,fb",Female,White
00479,No,No,No,"hl,hr,pl,fb,fa,qr,pr,ql",Female,White
00298,Yes,No,No,"a,fb,fa,pl,pr,hl,hr",Male,White
00243,No,No,No,"fa,pl,hr,fb,pr,hl",Female,Asian
00160,Yes,No,No,a,Male,Asian
00486,Yes,Yes,No,"fb,a,qr,hl,pl,ql,hr,pr,fa",Male,White
00199,No,No,No,"pl,fb,fa,hl,pr,hr",Male,White
00468,No,No,No,"hr,fb,pr,qr,ql,fa,rb,re,rc,pl,hl,ra,rd",Male,White
00451,No,No,No,"pl,hl,fb,pr,hr,fa",Female,White
00430,No,No,No,"fb,hr,hl,fa,pl,pr",Female,White
00539,No,No,No,"pl,fb,hr,hl,pr,qr,fa,ql",Male,White
00262,No,No,No,"hl,fa,fb,hr,pl,pr",Female,White
00772,No,No,No,"qr,pr,hl,hr,re,fb,fa,pl,ql,rc,ra,rb,rd",Male,White
00638,No,No,No,"fa,rb,qr,rc,ql,hl,re,pl,pr,hr,fb,ra,rd",Female,Asian
00770,Yes,Yes,No,"ql,qr,a,pl,fb,ra,fa,rb,rc,pr,rd,hl,re,hr",Male,White
00122,No,No,No,"pl,pr,fb,fa,hr",Male,Hispanic
00259,No,No,No,"fb,hl,pr,pl,fa",Female,White
00615,No,No,No,"pr,hr,ra,pl,ql,hl,fb,fa,qr,rc,rb",Male,White
00855,No,No,No,"hl,hr,pr,fa,pl,fb",Male,Asian
00561,Yes,No,No,"hr,fb,a,ql,pl,pr,fa,hl,qr",Male,White
00478,No,No,Yes,"qr,pr,ql,hl,fa,hr,pl,fb",Male,White
00715,No,No,Yes,"qr,ql,pl,fb,rc,hl,fa,pr,rd,hr,re",Male,Hispanic
00955,No,No,No,"hr,rc,qr,pr,ql,pl,fb,hl,rd,fa,re",Male,White
00624,No,No,Yes,"rd,fb,rc,hr,qr,fa,pl,pr,re,ql,hl",Male,Black
00894,No,No,No,"pl,rc,hr,pr,ra,qr,rb,fa,hl,ql,fb",Female,Hispanic
00573,No,No,No,"ql,qr,fa,pr,ra,rb,hr,hl,rc,fb,pl",Male,White
00648,No,No,No,"qr,re,pr,ql,fb,fa,hl,pl,ra,rb,hr,rc,rd",Female,Asian
00319,No,No,No,"pl,pr,hr,fb,hl,fa",Female,White
00010,No,No,No,"pr,fb,hr,fa,hl",Male,Asian
00536,No,No,No,"hr,pr,pl,ql,fa,fb,hl,qr",Male,White
00191,No,No,No,"fa,pl,hl,fb,hr,pr",Female,Asian
00744,No,No,Yes,"hl,fb,rd,pr,rc,ra,pl,ql,hr,re,qr,fa,rb",Male,White
00047,No,No,No,"pr,fb,hl,fa,pl",Female,Asian
00879,No,No,No,"re,ql,hr,qr,rd,fb,hl,fa,rc,pl,pr",Male,White
00488,Yes,Yes,No,"a,hr,hl,ql,fb,pl,qr,pr,fa",Male,Black
00039,No,No,No,"fa,fb,hr,hl,pr",Male,Asian
00893,No,No,No,"pl,ql,ra,rc,qr,fa,hr,rb,fb,hl,pr",Male,Asian
00701,No,No,No,"re,rc,ql,qr,rd,hr,fa,hl,fb,pr,pl",Male,White
00523,Yes,No,No,"fb,a,pr,fa,hl,ql,hr,qr,pl",Male,White
00350,No,No,No,"hl,pl,fb,hr,fa,pr",Female,White
00599,No,No,No,"qr,hr,pr,ql,fb,rc,pl,ra,fa,hl,rb",Female,Asian
00658,No,No,No,"hl,qr,rc,pr,hr,ra,ql,pl,fa,rb,fb",Male,White
00477,Yes,No,Yes,"pl,fb,hr,a,qr,hl,ql,fa,pr",Male,White
00843,Yes,No,No,a,Male,Asian
00416,No,No,No,"fa,pr,fb,hr,pl,hl",Female,White
00926,No,No,Yes,"pr,re,rd,qr,fa,rc,fb,hr,ql,pl,hl",Male,Asian
00620,No,No,No,"rb,hr,hl,rc,ql,pl,ra,qr,fb,pr,fa",Female,Asian
00939,No,No,No,"fb,pl,qr,hr,pr,ra,rc,rb,ql,hl,fa",Male,White
00292,Yes,No,No,"a,hl,fb,pr,hr,pl,fa",Female,White
00498,No,No,No,"pr,qr,hl,rc,pl,fa,ql,fb,ra,hr,rb",Female,White
00152,No,No,No,"pr,fa,pl,fb,hr",Male,White
00960,No,No,No,"pr,ql,fa,re,rc,rd,pl,hl,qr,hr,fb",Male,White
00612,No,No,No,"pr,re,pl,rc,hl,fb,qr,fa,rd,ql,hr",Male,White
00659,No,No,No,"qr,ra,rb,pr,fb,pl,ql,fa,hl,rc,hr",Male,White
00297,No,No,No,"hr,pl,pr,hl,fb,fa",Male,White
00668,No,No,No,"pr,hl,fa,rc,hr,fb,pl,ql,rb,ra,qr",Male,Asian
00064,No,No,No,"fa,fb,hr,pl,pr",Male,White
00379,No,No,No,"hr,pl,fb,hl,pr",Female,White
00085,No,No,No,"fa,hr,pl,pr,fb",Male,White
00441,No,No,No,"pl,pr,hr,fa,fb",Female,Asian
00719,No,No,No,"hl,fa,hr,pl,ql,rc,pr,rd,fb,qr,re",Female,White
00986,No,No,No,"fb,hl,pl,rb,pr,qr,rc,hr,ra,ql",Female,White
00200,No,No,No,"hr,hl,fa,pr,pl,fb",Male,White
00707,No,No,No,"rc,pr,fb,fa,hr,rd,hl,ql,qr,pl,re",Male,White
00934,No,No,No,"hl,hr,pr,fa,fb,ra,pl,qr,rc",Female,White
00184,No,No,No,"hl,fa,hr,pr,fb,pl",Male,Hispanic
00678,No,No,No,"re,qr,pl,rd,ql,rc,hr,pr,fb,hl,fa",Male,White
00439,No,No,No,"hr,fa,fb,pl,pr,hl",Female,White
00540,No,No,No,"hr,ql,fa,qr,hl,pl,fb,pr",Female,Black
00551,No,No,No,"fb,fa,ql,pr,pl,qr,hl,hr",Male,White
00356,No,No,No,"hl,fb,pr,pl,hr,fa",Female,Hispanic
00866,Yes,No,No,"fa,a,hr,pr,fb,pl,hl",Male,Asian
00183,No,No,Yes,"fa,pl,hr,fb,hl,pr",Male,Black
00999,No,No,No,"ql,hl,pr,hr,rb,ra,fb,fa,qr,rc",Male,White
00159,No,No,No,"fa,pl,hl,pr,fb",Male,Asian
00527,No,No,No,"fa,qr,hl,hr,fb,pl,pr",Male,White
00848,No,No,No,"pl,pr,hr,fb,fa,hl",Female,White
00810,No,No,No,"rc,pr,ra,fb,ql,hr,fa,hl,pl,re,qr,rb,rd",Male,Asian
00182,Yes,No,No,"a,fb,hl,pr,fa,hr,pl",Male,Asian
00133,No,No,No,"hr,fb,pr,fa,hl",Male,Asian
00642,No,No,No,"rc,ql,pr,hl,pl,hr,qr,ra,rb,fa,fb",Male,White
00688,No,No,No,"ql,fa,re,rd,hr,pl,pr,hl,qr,fb,rc",Male,Asian
00957,No,No,No,"rc,rb,ra,qr,ql,fb,pr,pl,hr,fa",Female,White
00236,Yes,No,No,a,Male,Asian
00502,Yes,No,No,"pr,pl,qr,a,fa,hr,fb,ql,hl",Male,White
00347,No,No,No,"pl,fa,hr,hl,fb,pr",Female,White
00181,No,No,No,"hr,fb,fa,pl,pr",Female,Black
00219,Yes,No,No,a,Female,Black
00453,Yes,No,No,"fa,hl,a,hr,fb,pl,pr",Male,Black
00120,No,No,No,"hr,pl,fa,pr,fb",Male,White
00858,No,No,No,"pr,fb,hl,hr,pl,fa",Female,White
00435,No,No,No,"pr,fa,fb,pl,hr,hl",Female,Pacific
00675,No,No,No,"pl,rd,re,ql,qr,hr,hl,fb,rc,fa,pr",Female,Asian
00254,No,No,No,"pl,ql,re,rd,fa,hl,hr,fb,qr,pr,rc",Female,Native
00779,No,No,No,"ql,qr,re,pr,hl,fb,ra,rb,pl,fa,hr,rd,rc",Female,White
00777,No,No,No,"pr,fa,fb,rc,re,ql,qr,hl,pl,rd,hr",Male,White
00535,Yes,No,Yes,"a,hr,qr,pr,hl,fa,ql,pl",Male,White
00775,No,No,No,"hl,hr,ra,rb,pr,qr,pl,rc,re,rd,ql,fb,fa",Male,White
00167,No,No,No,"hr,fa,pr,pl,fb",Male,Asian
00698,No,No,No,"pr,hl,fb,rc,fa,qr,pl,ql,hr,re,rd",Male,Asian
00403,No,No,No,"pr,pl,fa,hl,hr,fb",Female,White
00291,No,No,No,"pr,hr,fa,hl,pl,fb",Male,White
00104,No,No,No,"pr,pl,fa,hr,fb",Female,White
00374,No,No,No,"hl,fb,pr,hr,pl,fa",Female,Black
00730,No,No,No,"pl,hr,ra,fb,rd,fa,re,hl,pr,qr,rb,ql,rc",Female,White
00868,No,No,No,"hr,pr,fb,hl,pl,fa",Male,White
00597,No,No,No,"re,qr,ql,hl,hr,pr,fa,pl,rd,ra,fb,rc,rb",Male,White
00839,No,No,No,"pr,hl,fa,fb",Male,White
00431,Yes,No,No,"fb,pr,a,hl,fa,hr,pl",Female,White
00672,No,No,Yes,"fa,pl,re,pr,rc,hr,qr,ql,hl,rd,fb",Male,Asian
00176,No,No,No,"fa,pr,fb,pl,hr",Male,White
00686,No,Yes,No,"rb,hl,ra,fb,hr,pr,qr,fa,rc,pl",Male,Asian
00783,No,No,Yes,"ql,pl,rc,pr,hr,hl,rb,qr,ra,fb,fa",Male,White
00022,No,No,No,"hr,pr,hl,fa,fb",Male,Asian
00532,No,No,No,"hr,fb,pl,fa,hl,qr,pr,rd,re,rc,ql",Female,White
00878,No,No,No,"rb,pl,pr,ra,rc,fa,qr,ql,hl,fb,hr",Female,White
00619,No,No,No,"qr,hl,hr,pr,ql,fa,rc,re,pl,fb",Male,Pacific
00733,No,Yes,No,"pr,hr,pl,hl,qr,ql,rd,fa,fb,re,rb,rc,ra",Male,Asian
00310,No,No,No,"hl,hr,pl,fa,pr",Male,White
00056,No,No,No,"pl,hl,pr,fb,fa",Male,Asian
00541,No,No,No,"qr,pr,fa,ql,pl,hr,hl,fb",Female,White
00444,No,No,No,"hr,fa,pl,fb,hl,pr",Female,Native
00827,No,No,No,"fa,fb,pl,hl,hr,pr",Female,White
00217,Yes,No,No,a,Male,White
00888,No,No,Yes,"pl,fb,fa,rb,pr,ra,hr,rc,qr,ql,hl",Male,White
00564,No,No,No,"pr,hr,pl,hl,fa,rb,qr,rc,ra,fb,re,ql,rd",Female,Asian
00647,No,No,No,"qr,ra,ql,fa,rc,rb,fb,pr,pl,hr,hl",Female,White
00920,No,No,No,"pl,fb,rd,rc,hl,re,hr,qr,fa,ql,pr",Female,White
00037,Yes,No,Yes,a,Male,White
00171,No,No,No,"hr,pl,pr,fa,fb",Male,Asian
00736,No,No,No,"hr,fa,re,rd,pr,rc,fb,qr,rb,ql,hl,pl,ra",Male,White
00013,No,No,No,"pl,hr,pr,fa,fb,hl",Female,White
00898,No,Yes,No,"rc,hl,qr,fb,ql,pr,ra,pl,hr,rb,fa",Male,White
00052,No,No,No,"pl,fb,pr,fa,hl",Female,White
00562,No,No,No,"rb,pl,hr,qr,fb,rc,ra,ql,fa,pr,hl",Female,Asian
00290,No,No,No,"hl,fa,pr,pl,hr,fb",Female,Hispanic
00281,No,No,No,"fb,fa,hl,pr,hr,pl",Male,White
00106,Yes,No,No,a,Male,Asian
00616,No,No,No,"hl,ra,pr,ql,fb,rc,pl,hr,rb,fa,qr",Male,Asian
00073,No,No,No,"pr,fa,pl,hl,fb",Male,White
00500,No,No,No,"pl,rc,ql,fb,fa,qr,hl,hr,pr,ra,rb",Female,White
00155,No,No,No,"pl,hl,fb,fa,hr,pr",Male,White
00395,No,No,No,"hr,fa,pl,fb,hl,pr",Female,White
00634,No,No,No,"qr,hr,hl,ra,ql,rb,pr,rc,fa,pl,fb",Female,White
00393,Yes,No,No,"hl,a,fa,hr,pr,pl,fb",Female,White
00015,No,No,No,"fa,fb,pr,hl,hr",Male,White
00255,No,No,No,"hl,fb,fa,pl,hr,pr",Female,White
00391,No,No,No,"fb,pr,hr,fa,pl,hl",Female,White
00495,Yes,No,No,"a,pl,hl,fb,fa,qr,ql,hr,pr",Female,Black
00421,No,No,No,"hr,hl,fa,fb,pl,pr",Female,White
00115,No,No,No,"fb,pl,pr,fa,hr",Male,White
00355,No,No,No,"hl,pr,hr,pl,fb,fa",Male,White
00343,Yes,No,No,"fb,a,hr,fa,hl,pl,pr",Female,Hispanic
00754,No,No,No,"fa,hr,pr,fb,qr,rc,hl,rb,ra,pl,ql",Male,White
00663,No,No,No,"qr,hr,fb,pr,ql,hl,rc,fa,pl,rb,ra",Female,White
00531,Yes,No,No,"a,pl,qr,ql,ra,pr,hl,rc,fa,fb,rb,hr",Male,Black
00082,No,Yes,No,"pr,hr,pl,fb,fa",Male,White
00592,No,No,No,"qr,fb,fa,hl,ql,hr,rd,re,rc,pl",Male,White
00604,No,No,Yes,"pl,hr,rc,ra,hl,fb,qr,pr,rb,fa,rd,ql,re",Male,Asian
00556,Yes,No,No,"qr,a,b,c,pr,fa,hr,hl,pl,ql,fb",Female,White
00402,No,No,No,"hr,hl,fa,fb,pl,pr",Female,White
00613,No,No,No,"hr,pr,pl,ra,fb,rb,rc,hl,qr,ql",Male,White
00480,No,No,No,"hl,pr,hr,fb,pl,ql,fa,qr",Female,White
00161,Yes,No,No,a,Male,White
00436,No,No,No,"fa,pl,hl,fb,hr,pr",Female,Asian
00074,Yes,No,No,a,Male,White
00605,No,No,No,"pl,ql,pr,fa,rc,rb,hl,qr,fb,hr,ra",Female,Asian
00845,No,No,No,"fa,hr,hl,fb,pl,pr",Male,White
00705,No,No,No,"pl,hl,rc,rd,fa,ra,hr,pr,re,rb,ql,qr,fb",Female,Black
00945,No,No,No,"rb,qr,hr,ql,ra,pr,rc,fb,fa,pl,hl",Female,Black
00267,No,No,No,"pr,pl,hl,fa,fb,hr",Female,Asian
00993,No,No,No,"rc,ql,fa,hr,re,qr,rd,hl,pr,fb,pl",Female,White
00271,No,No,No,"fa,fb,pl,pr,hl,hr",Female,White
00060,No,No,No,"fa,pr,fb,hr,pl",Female,Asian
00944,No,No,No,"hl,rd,rc,fb,re,ql,fa,qr,hr,pl",Female,White
00194,No,No,No,"fb,pr,fa,hl,hr,pl",Female,White
00697,No,No,No,"qr,hl,rb,fb,hr,ra,ql,pr,fa,pl,rc",Male,White
01002,No,No,No,"hr,rb,ra,rc,pl,qr,pr,ql,fa,fb,hl",Male,White
00943,No,No,No,"pr,pl,hr,ra,hl,rb,ql,fa,fb,rc,qr",Female,White
00087,Yes,No,No,a,Female,White
00432,No,No,No,"fb,hr,pl,pr,hl,fa",Female,White
00942,No,Yes,No,"ql,hl,qr,pl,rd,fa,fb,pr,rc,hr,re",Male,White
00381,No,No,No,"pl,fa,fb,hl,pr,hr",Female,White
00670,No,No,No,"fb,pl,fa,hr,hl,ra,rb,rc,pr,qr,ql",Female,Hispanic
00411,No,No,No,"hr,fb,pr,pl,fa,hl",Female,White
00376,No,No,No,"fb,fa,hl,pl,hr,pr",Female,Black
00886,No,No,No,"hr,rc,hl,ql,qr,pl,fa,pr,fb,ra",Male,White
00264,No,No,No,"fb,pl,hl,hr,fa,pr",Female,White
00223,No,No,No,"hr,pl,fb,pr,fa,hl",Male,White
00521,Yes,No,No,"a,fb,pl,ql,qr,pr,hl,fa,hr",Male,White
00927,No,No,No,"rb,fa,hl,rc,pr,hr,qr,ql,pl,fb,ra",Female,White
00256,No,No,No,"hl,fb,rb,rc,qr,pl,re,ra,hr,fa,ql,pr,rd",Male,White
00317,No,No,No,"hl,hr,fb,pl,fa,pr",Female,Hispanic
00075,No,No,Yes,"pr,fb,pl,fa,hl",Male,White
01000,No,No,Yes,"ra,hr,pl,rc,fb,ql,hl,pr,fa,qr,rb",Male,White
00250,No,No,No,"pr,pl,hr,hl,fb,fa",Female,White
00114,No,No,No,"pr,pl,hl,fb,fa",Male,Hispanic
00384,No,No,No,"fa,pl,hl,hr,pr,fb",Female,Black
00283,Yes,Yes,Yes,"a,fb,hr,hl,pl,fa,pr",Male,White
00590,No,No,No,"ql,ra,qr,pl,fb,pr,rb,hr,hl,fa",Male,White
00747,No,No,Yes,"pr,hr,fa,ra,fb,re,hl,qr,rb,ql,pl,rd,rc",Male,White
00151,Yes,No,Yes,a,Male,White
00137,Yes,No,No,a,Male,White
00462,Yes,No,No,"fb,a,pl,fa,pr,hl,hr",Male,White
00289,Yes,No,Yes,"fb,fa,pl,a,hl,hr,pr",Male,White
00972,No,No,No,"re,rd,qr,pl,rc,hr,ql,hl,fb,fa,pr",Male,White
00322,No,No,No,"pr,hr,fa,fb,pl,hl",Male,Hispanic
00922,No,No,No,"qr,re,fa,ql,rc,rd,hr,pr,pl,fb,hl",Male,White
00860,No,No,No,"fa,fb,pr,pl,hr,hl",Male,White
00567,No,No,No,"hr,rc,pr,rb,fb,hl,ra,qr,pl,ql,fa",Male,Hispanic
00261,No,No,No,"hl,fa,hr,pl,pr,fb",Male,Asian
00553,Yes,No,No,"a,qr,pr,fa,ql,hl,hr,fb,pl",Male,White
00349,No,No,No,"fa,hl,pl,hr,pr,fb",Female,White
00997,No,No,No,"qr,ql,ra,rc,rb,pl,hl,fa,hr,fb,pr",Male,White
00306,No,No,No,"hr,pl,pr,hl,fa,fb",Female,White
00816,No,No,Yes,"pl,ql,fa,rd,qr,ra,hr,hl,pr,rc,re,fb,rb",Male,White
00170,No,No,No,"hr,pl,pr,fb,fa",Male,Asian
00387,Yes,No,No,"pr,hr,a,fa,hl,pl,fb",Female,Black
00454,No,No,No,"hl,hr,fb,pr,fa,pl",Female,Asian
00873,No,No,No,"pl,fa,fb,hl,hr,pr",Female,White
00503,Yes,No,Yes,"fa,fb,pl,a,pr,hr,hl,qr,ql",Male,White
00069,No,No,Yes,"hl,fa,fb,pl,pr",Male,Asian
00196,No,No,No,"fa,hr,fb,hl,pl,pr",Female,Asian
00425,No,No,No,"pr,hr,pl,fa,fb,hl",Female,White
00665,No,No,No,"ql,fb,ra,rc,rb,pl,pr,hr,hl,qr,fa",Female,White
00371,Yes,No,No,"pr,a,hl,pl,fa,fb,hr",Female,Black
00525,No,No,No,"hl,pr,fa,qr,pl,ql,hr,fb",Female,White
00765,No,No,No,"ra,pl,qr,ql,fb,pr,hr,rc,rb,hl,fa",Male,White
00401,No,No,No,"fa,hr,hl,fb,pr,pl",Female,White
00440,No,No,No,"hl,hr,fa,pl,fb,pr",Female,Pacific
00823,Yes,No,No,"pl,fb,hr,a,pr,fa,hl",Female,Asian
00304,No,No,No,"pr,pl,hl,fb,fa,hr",Male,White
00574,No,No,No,"hr,pl,hl,ql,pr,rd,fa,re,fb,rc,qr",Female,White
00076,No,No,No,"fa,fb,pl,hr,pr",Male,White
00969,No,No,No,"fa,qr,pl,rd,hr,hl,re,pr,fb,rc,ql",Female,White
01007,No,No,No,"pr,rc,ql,qr,rd,ra,pl,fa,fb,re,hr,rb,hl",Female,White
00129,No,No,No,"fa,pr,fb,pl,hr",Male,White
00780,No,No,No,"rd,ra,qr,pr,pl,fa,re,ql,fb,hl,hr,rc,rb",Female,White
00492,Yes,No,No,"pr,fa,qr,a,fb,pl,hr,ql,hl",Female,White
00352,No,No,No,"fb,pl,hl,hr,pr,fa",Female,White
00689,No,No,No,"fb,rc,hr,ra,pl,qr,fa,ql,pr,rb",Female,Asian
00812,No,No,No,"pl,fa,ra,qr,rc,pr,hr,ql,fb,hl,rb",Male,White
00511,No,No,Yes,"hr,pl,fa,fb,hl,pr,qr,ql",Male,White
00617,No,No,No,"qr,rc,re,rd,pl,ql,fa,pr,hr,fb,hl",Male,Asian
00007,Yes,No,No,a,Male,Asian
00020,No,No,No,"fb,fa,pr,hr,pl,hl",Female,Asian
00756,No,No,No,"fa,fb,qr,hr,rc,pr,rb,pl,hl,ql,ra",Male,White
00749,No,No,No,"hl,rb,rc,ql,hr,fa,ra,pr,qr,pl,fb",Male,White
00437,No,No,No,"pr,hr,hl,fa,pl,fb",Female,White
00360,No,No,No,"hr,fa,hl,pl,fb",Male,White
00141,No,No,No,"pr,hl,fa,fb,pl",Female,Asian
00644,No,No,No,"rc,hl,pr,fb,rb,qr,fa,hr,ra,pl,ql",Female,White
00469,No,No,No,"fb,ra,qr,fa,pl,hr,pr,hl,rc,rd,ql,re,rb",Female,White
00126,No,No,No,"fa,pl,fb,hr,pr",Female,White
00163,No,No,No,"hl,fb,pr,fa",Female,Asian
01005,No,No,No,"pl,hl,fb,rb,ra,fa,ql,pr,qr,rc,hr",Male,White
00636,No,No,No,"pl,ra,rc,fb,ql,hl,fa,rb,qr,hr,pr",Female,White
00867,Yes,No,No,"fb,hr,a,pl,fa,pr,hl",Male,Black
00630,No,No,No,"ql,fa,hl,pr,ra,pl,hr,fb,rc,re,qr,rd,rb",Female,Asian
00189,Yes,No,No,a,Male,Asian
00764,No,Yes,No,"pr,rc,ql,rb,fa,fb,pl,hl,re,qr,ra,hr,rd",Male,White
00251,No,No,No,"fb,fa,pr,hl,hr,pl",Male,White
00208,No,No,No,"hl,fa,pr,fb,pl,hr",Female,White
00483,No,No,No,"qr,ql,pl,hr,hl,pr,fa,fb",Female,White
00970,No,No,No,"rc,pl,pr,ql,hl,fa,ra,qr,hr,fb,rb",Female,White
00113,Yes,No,No,a,Male,White
00529,No,No,No,"pl,hr,ql,qr,pr,fa,fb,hl",Female,Black
00006,Yes,No,Yes,"fb,pr,a,pl,hr,fa",Male,White
00842,No,No,No,"fa,hr,fb,hl,pl,pr",Female,Asian
00249,Yes,No,No,a,Male,White
00433,No,No,No,"pl,hr,hl,fa,pr,fb",Female,White
00361,No,No,No,"fb,hr,pr,hl,fa,pl",Male,White
00891,No,No,No,"hl,fb,ra,ql,fa,rb,pl,rc,hr,qr,pr",Male,White
00198,No,No,No,"pr,hl,pl,fb,hr,fa",Female,Asian
00210,No,No,No,"hr,pr,hl,fa,pl,fb",Female,White
00309,No,No,No,"pl,fb,pr,fa,hl,hr",Male,White
01003,No,No,No,"rd,hr,pr,re,qr,fb,fa,pl,rc,hl,ql",Male,Hispanic
00550,Yes,No,Yes,"a,qr,pl,pr,hr,hl,fb,ql,fa",Male,White
00834,Yes,No,No,"fa,a,pl,hr,hl,pr,fb",Male,White
00084,No,No,No,"pl,fa,hr,pr,fb",Female,White
00576,No,No,No,"rc,fb,hl,ql,hr,rb,fa,pl,qr,ra,pr",Female,Hispanic
00869,No,No,Yes,"pl,hr,hl,pr,fb,fa",Male,Asian
00029,No,No,No,"ra,fb,fa,hl,ql,pr,pl,qr,re,hr,rd,rb,rc",Male,Asian
00145,No,No,No,"pl,fa,fb,pr,hl",Female,Hispanic
00385,No,No,No,"hl,fa,fb,hr,pl,pr",Female,White
00501,No,No,No,"qr,pr,rc,hr,re,pl,hl,rd,fb,fa,ql",Male,White
00005,No,No,No,"hl,fb,hr,fa,qr,pr,pl,rc,ql,rb,ra",Male,White
00820,Yes,No,No,"a,fa,hr,pl,pr,fb,hl",Male,Asian
00245,No,No,No,"pr,hr,pl,fb,hl,fa",Female,Asian
00485,Yes,No,No,"qr,a,fa,pr,ql,hr,fb,hl,pl",Female,White
00589,No,No,No,"qr,hl,fa,hr,pr,ql,re,rc,fb,rd,pl",Female,White
00954,No,No,No,"qr,rb,hr,pl,ra,rc,ql,pr,fa,hl,fb",Male,White
00105,No,No,No,"pr,hr,fa,pl,fb",Male,White
00345,No,No,No,"pl,hl,fa,hr,pr",Male,White
00456,No,No,No,"hl,pr,pl,fb,hr,fa",Female,White
00763,No,No,No,"pr,pl,re,rc,qr,fb,hr,ql,hl,ra,rb,fa,rd",Male,Asian
00929,No,No,Yes,"hl,rc,pr,pl,ra,ql,fb,rb,hr,qr",Male,Black
00872,No,No,No,"fb,hr,hl,pl,pr",Female,Other
00222,No,No,No,"pl,hr,fa,fb,hl,pr",Male,White
00732,Yes,No,No,"a,pl,fb,rc,hr,hl,ql,ra,pr,fa,qr,rb,rd,re",Male,Asian
00130,No,No,No,"fa,pl,fb,hr,pr",Female,Asian
00804,No,No,No,"pr,pl,hl,fa,rb,qr,ra,rc,fb,hr,ql",Female,White
00713,No,Yes,No,"rc,qr,pl,fb,re,ql,hr,hl,rd,ra,fa,pr",Male,White
00369,No,No,No,"pl,hr,fb,hl,pr,fa",Male,White
00408,No,No,No,"fa,hl,fb,pr,hr,pl",Female,White
00400,No,No,No,"pl,fb,hr,pr,hl,fa",Female,White
00057,No,No,No,"hr,fa,pr,fb,pl",Female,White
00241,Yes,No,No,a,Male,Asian
00709,No,No,No,"fb,qr,ql,hl,hr,fa,rc,pl,rd,re,pr",Female,Black
00740,No,No,No,"rc,fb,hr,pl,fa,rb,ql,qr,pr,re,hl,ra,rd",Male,Asian
00004,No,No,No,"fa,hr,hl,fb,pr",Male,White
00487,No,No,No,"pr,fa,hr,ql,fb,qr,pl,hl",Female,White
00429,Yes,No,No,"pr,a,hl,fb,fa,hr,pl",Female,Black
00418,No,No,No,"hl,fa,hr,fb,pr,pl",Female,Hispanic
00835,No,No,No,"hl,pr,pl,hr,fb,fa",Male,White
00351,No,No,No,"pr,fb,pl,hr,hl,fa",Female,Hispanic
00989,No,No,No,"qr,hl,ql,pr,ra,fa,hr,rc,rb,pl",Male,Asian
00396,No,No,No,"pl,fb,fa,hl,hr,pr",Female,White
00149,No,No,No,"pr,fa,pl,fb,hr",Female,Pacific
00124,No,No,No,"pr,fb,pl,hl,fa",Male,White
00935,No,No,Yes,"ql,fa,hr,rc,pr,re,hl,pl,rd,qr",Male,White
00394,No,No,No,"fb,hl,hr,fa,pl,pr",Female,White
00252,Yes,No,No,a,Male,White
00762,No,No,No,"fa,rc,pl,pr,fb,ql,hl,rd,re,rb,hr,qr,ra",Female,White
00112,No,No,No,"fa,fb,pr,hr,pl",Female,White
00053,No,No,No,"fa,fb,pl,hl,pr",Female,White
00320,No,No,No,"hl,fb,pr,fa,pl,hr",Male,White
00276,Yes,No,No,"a,fa,fb,hl,hr,pr,pl",Female,White
00209,No,No,No,"hr,pl,hl,pr,fa,fb",Female,White
00991,No,No,No,"ra,rb,qr,hl,fb,fa,hr,pl,rc,ql,pr",Male,White
00373,No,No,No,"fa,hr,pr,pl,hl,fb",Female,Black
00717,No,No,No,"rc,rd,pr,fa,re,ql,hr,qr,ra,fb,hl,pl,rb",Female,White
00107,No,No,No,"re,hr,rd,qr,ql,fb,pr,pl,fa,rc,hl",Female,White
01008,No,No,No,"hl,pr,hr,fa,rb,ra,rc,fb,pl,qr,ql",Female,White
00930,No,Yes,No,"pr,rc,fb,hl,rd,hr,re,pl,fa,ql,qr",Male,Asian
00693,No,No,No,"rc,pl,pr,rb,ql,hr,fb,fa,qr,hl,ra",Male,Other
00323,No,No,No,"hl,fb,pr,pl,fa,hr",Male,White
00091,No,No,No,"pr,fb,fa,hr,pl",Male,Asian
00537,Yes,No,No,"fb,b,pr,a,qr,fa,hl,hr,pl,ql",Female,White
00956,No,No,No,"hl,pr,qr,rc,ql,pl,fb,fa,hr,rd,re",Female,Black
00829,Yes,No,Yes,"a,hl,pr,hr,fb,fa,pl",Male,Asian
00643,No,No,No,"qr,hr,rd,fa,hl,rc,re,pr,pl,fb,ql",Male,Asian
00608,No,No,No,"fa,re,ql,pr,rd,fb,pl,hl,rc,hr,qr",Male,White
00314,No,No,No,"hr,fa,pl,fb,pr,hl",Female,Hispanic
00967,No,No,No,"pr,qr,fb,re,rc,hr,hl,pl,fa,rd,ql",Female,White
00584,No,No,No,"qr,fa,ra,rb,ql,pr,pl,hl,fb,rc,hr,rd,re",Male,Asian
00065,No,No,No,"fb,fa,pr,pl,hr",Female,White
00357,No,No,No,"fa,pr,pl,fb,hr,hl",Female,Hispanic
00282,No,No,No,"fa,hr,pr,pl,hl,fb",Male,Asian
00792,No,No,Yes,"fa,pr,fb,ra,hl,rb,ql,pl,hr,rc,qr",Male,White
00326,Yes,No,No,"a,fb,pr,hr,fa,hl,pl",Female,White
00836,No,No,No,"fb,hr,pl,pr,hl,fa",Male,White
00142,No,No,No,"fa,pr,fb,pl,hl",Male,White
00231,No,No,No,"hr,fb,hl,pr,pl,fa",Female,White
00602,No,No,No,"fb,hr,hl,fa,rd,pl,pr,ql,rc,re,qr",Male,White
00510,No,No,No,"pr,hr,hl,ql,pl,fb,qr,fa",Female,White
00618,No,No,No,"pl,rc,ql,fb,pr,rd,fa,hr,hl,re,ra,qr,rb",Male,Asian
00787,No,No,No,"fa,hl,fb,ra,pr,re,qr,hr,ql,rd,rc,rb,pl",Female,Asian
00609,No,No,No,"pl,hr,rc,rb,fa,ql,hl,ra,pr,qr,fb",Female,White
00177,Yes,No,No,a,Female,White
00206,Yes,No,No,a,Male,White
00716,No,No,Yes,"hl,hr,ra,pr,re,pl,fa,rd,qr,rc,ql,rb,fb",Male,Black
00096,No,No,No,"hl,fb,pr,fa,hr,pl",Male,Pacific
00341,No,No,No,"pl,hr,fa,fb,pr,hl",Male,White
00871,No,No,No,"hr,pl,hl,fa,pr",Male,White
00973,No,No,No,"ra,rc,rb,pl,hl,hr,fa,fb,ql,qr,pr",Male,White
00628,No,No,No,"rd,qr,hr,fa,pr,re,hl,ql,rc,pl,fb",Female,Black
00654,No,No,No,"pr,fa,re,ql,hl,hr,fb,rc,qr,rd,pl",Female,Black
00923,No,No,Yes,"qr,fb,ql,hr,fa,pl,rd,hl,re,rc,pr",Male,White
00981,No,No,No,"pl,pr,fa,fb,qr,rc,hr,rb,ql,hl,ra",Female,White
00776,No,No,Yes,"pr,fb,qr,rc,ql,pl,re,rd,hr,hl,fa",Male,White
00415,Yes,No,No,"fa,a,pl,pr,hl,fb,hr",Male,Asian
00504,No,Yes,No,"hr,hl,fb,pl,fa,ql,pr,qr",Male,White
00655,No,No,No,"qr,rd,pr,pl,rc,ql,hl,fb,fa,hr,re",Female,White
00895,No,No,No,"pl,re,ql,rc,qr,rd,hr,fa,fb,hl,pr",Female,White
01208,Yes,No,No,a,Male,White
00774,No,No,No,"rd,fb,pl,re,rc,hl,pr,fa,rb,hr,ql,qr,ra",Male,White
00490,No,No,No,"pr,fa,hl,hr,fb,pl,qr",Male,Hispanic
00407,No,No,No,"fb,pl,fa,hl,pr,hr",Female,Hispanic
00172,No,No,No,"hr,pr,pl,fb,fa",Male,White
00515,No,No,No,"hr,pl,pr,fa,fb,qr,ql,hl",Male,White
00755,No,Yes,No,"hl,fa,rd,re,pl,qr,fb,hr,pr,ql,rc",Male,White
00995,No,Yes,No,"hl,fb,rc,qr,fa,pr,ql,ra,rb,hr,pl",Male,White
00632,No,No,No,"ql,hl,rc,rd,fb,pl,qr,pr,fa,re,hr",Female,Asian
00700,No,No,No,"rc,pl,hl,fa,fb,hr,qr,rb,ra,ql,pr",Female,White
00253,No,No,No,"fb,fa,hr,hl,pl,pr",Male,White
00081,No,No,No,"pr,fb,hr,hl,ql,qr,pl,fa,rc,re,rd",Male,White
00146,Yes,No,No,"rc,pl,a,re,fa,qr,ql,pr,hl,fb,rb,rd,hr,ra",Male,White
00837,No,No,No,"hr,fa,fb,pl,pr,hl",Female,White
00656,No,No,No,"rc,fa,rb,hr,ra,fb,ql,pl,pr,hl,qr",Male,Hispanic
00227,No,No,No,"fb,hl,pl,hr,pr,fa",Female,White
00203,No,Yes,No,"hl,pl,fb,fa,pr,hr",Male,White
00657,No,No,No,"ql,rd,pl,re,fb,qr,fa,hl,pr,hr,rc",Male,White
00026,Yes,No,No,"a,hr,fa,hl,pr,fb",Female,White
00070,No,Yes,No,"pl,hl,ql,pr,re,hr,rb,fb,qr,rd,fa,rc,ra",Male,Asian
00221,No,No,No,"pl,fa,fb,hl,pr,hr",Female,White
00818,No,No,No,"fb,hl,pr,hr,pl,fa",Female,White
00844,No,No,No,"fa,fb,pr,hl,hr,pl",Male,White
00094,Yes,No,No,a,Male,White
00263,No,No,No,"hl,pl,pr,fb,fa,hr",Female,White
00583,No,No,No,"rc,fb,pl,hr,fa,ql,rb,qr,ra,pr,hl",Male,Hispanic
00680,No,No,No,"fb,hl,qr,rd,fa,ql,re,rc,pr,hr,pl",Male,White
00964,No,No,Yes,"rc,hl,pr,pl,fb,hr,re,fa,qr,ql,rd",Male,Black
00331,No,No,No,"pr,hl,hr,pl,fa,fb",Male,White
00662,No,No,No,"pr,hl,hr,pl,fb,ql,re,rc,fa,rd",Female,White
00828,No,No,Yes,"hl,pr,fb,fa,hr,pl",Male,Asian
00012,Yes,No,No,"a,hl,fa,fb,pr,hr",Male,White
00522,Yes,No,No,"rb,ql,fa,fb,rc,a,qr,ra,hr,pr,pl,hl",Male,White
00861,No,No,No,"hr,hl,pr,pl,fa,fb",Male,White
00596,No,No,No,"pr,ql,rd,pl,fb,qr,hl,hr,rc,fa,re",Male,Asian
00533,Yes,No,Yes,"pl,fb,re,hl,ql,hr,qr,a,pr,rd,fa,rc",Male,Black
00814,No,No,No,"fa,qr,hr,ql,fb,rc,rb,pl,hl,pr,ra",Male,Black
00853,No,No,No,"pl,pr,hr,hl,fb,fa",Male,White
00838,No,No,No,"pl,hr,fa,hl,fb,pr",Male,White
00476,Yes,No,No,"pl,qr,fa,a,fb,ql,hl,pr,hr",Male,White
00971,No,No,No,"hl,pl,rc,rd,pr,qr,ql,re,fb,hr,fa",Female,White
00099,Yes,No,No,a,Male,Asian
01010,No,No,No,"rc,pl,qr,pr,hl,ra,fa,fb,rb,ql,hr",Male,White
00260,No,No,No,"hr,pl,hl,pr,fa,fb",Female,White
00803,No,Yes,No,"rd,fa,re,hr,pr,pl,rc,ql,hl,fb,qr",Male,White
00014,No,No,No,"fa,pr,hr,fb,hl",Male,White
00284,No,No,No,"pr,hr,fa,fb,pl,hl",Male,White
00071,No,No,No,"rc,hl,pl,fb,qr,fa,ql,hr,pr,re,rd",Female,White
00692,No,No,No,"rc,qr,pr,ql,fa,rd,hl,fb,pl,re,hr",Male,Black
00375,No,No,No,"fb,fa,hr,pl,pr,hl",Female,Hispanic
00870,No,No,No,"fb,hr,fa,pr,pl,hl",Male,White
00134,Yes,No,No,a,Male,Asian
00042,No,Yes,No,"hl,fb,pr,fa,hr",Male,White
00552,No,No,No,"fb,pl,qr,pr,fa,hr,ql,hl",Male,White
00235,No,No,No,"fb,hl,fa,pr,pl,hr",Female,White
00475,Yes,No,No,"pr,ql,a,fa,fb,pl,hr,hl,qr",Male,White
00335,Yes,No,No,"a,hr,fb,hl,pr,pl,fa",Male,White
00575,No,No,No,"pr,ql,rb,qr,pl,fb,rc,ra,hl,fa,hr",Male,Hispanic
00211,No,No,No,"fa,pl,hr,hl,fb,pr",Female,White
00526,No,No,No,"ql,hl,fa,hr,fb,pr,pl,qr",Male,White
00180,No,No,Yes,"pr,fb,fa,pl,hr",Male,Hispanic
00193,No,No,No,"hl,re,rd,pl,rc,ql,hr,pr,fb,fa,qr",Male,Asian
00499,No,No,No,"qr,pr,fa,hr,ql,hl,fb,pl",Male,White
00143,Yes,No,No,a,Male,White
00450,No,No,No,"pl,pr,hr,fa,hl,fb",Female,White
00321,No,No,No,"pl,fb,fa,hl,hr,pr",Male,White
00406,No,No,No,"fa,hr,hl,pl,fb,pr",Female,Black
00916,No,No,No,"fa,ra,hr,fb,rc,qr,rb,pl,hl,pr,ql",Female,Black
00851,No,No,No,"fa,pl,pr,hr,hl,fb",Female,Hispanic
00296,No,No,No,"hl,hr,pr,pl,fb,fa",Female,White
00204,Yes,No,No,a,Male,Asian
00474,No,No,No,"hl,pr,rc,hr,ql,ra,fb,qr,fa,pl,rb",Male,White
00790,No,No,No,"pl,qr,fb,hr,ql,pr,hl,rc,re,fa,rd",Male,White
00097,No,No,No,"fb,pr,fa,hr",Male,Asian
00559,No,No,No,"ql,fa,fb,pl,hr,hl,qr,pr",Female,White
00072,No,No,No,"hl,fb,fa,hr,pr",Female,White
00582,No,No,No,"rc,fb,fa,ql,hr,hl,re,qr,pl,rd,pr",Male,Hispanic
00324,No,No,No,"fa,pl,hr,hl,fb,pr",Female,White
00413,No,No,No,"hl,pl,pr,fa,fb,hr",Female,White
00279,No,No,No,"fb,fa,hl,pl,pr,hr",Female,White
00961,No,Yes,No,"hl,hr,ql,rb,fa,pl,fb,qr,pr,rc,ra",Male,White
00594,No,No,No,"hr,pr,rc,qr,fa,ql,re,fb,rd,hl,pl,ra,rb",Male,White
00825,No,No,No,"fa,pl,hr,hl,fb,pr",Male,White
00507,Yes,No,No,"fb,ql,a,qr,hr,fa,hl,pr,pl",Female,White
00030,Yes,No,Yes,a,Male,White
00925,No,No,No,"pr,ql,rc,fb,hl,pl,re,hr,qr,fa,rd",Female,White
00976,No,No,Yes,"hr,rc,pl,rd,fa,qr,fb,pr,hl,ql,re",Male,Asian
00370,No,No,No,"pr,hl,fa,hr,fb,pl",Male,White
00061,No,No,No,"hl,fb,pr,fa,pl",Female,Asian
00339,Yes,No,No,"a,hr,fa,pr,pl,hl,fb",Male,White
00937,No,No,No,"ra,hl,fa,fb,pl,ql,pr,rc,hr,rb,qr",Female,Hispanic
00327,No,No,No,"pr,hl,hr,pl,fb,fa",Female,White
00346,No,No,No,"hr,pr,pl,fb,fa",Female,White
00856,No,No,No,"hl,fb,pr,pl,hr,fa",Male,Asian
00899,No,No,Yes,"hl,pr,hr,re,fa,rc,fb,ql,qr,rb,rd,ra,pl",Male,White
00059,No,No,No,"fb,pr,hr,fa,pl",Male,White
00793,No,No,No,"pr,fb,fa,ql,rc,rd,hr,pl,re,qr,hl",Male,Asian
00640,No,No,Yes,"fb,qr,re,hr,rd,ql,pr,fa,hl,rc,pl",Male,Asian
00757,No,No,No,"pl,hl,pr,re,ql,fa,fb,rd,hr,rc,qr",Male,White
00980,No,No,No,"pl,qr,rc,rd,fb,re,hl,ql,pr,hr,fa",Female,White
00147,No,No,No,"fa,hr,pl,pr,fb",Female,Asian
00664,No,No,No,"hl,fb,fa,rd,hr,pl,rc,re,pr,qr,ql",Male,Black
00201,No,No,No,"fb,pl,hl,fa,pr,hr",Female,White
00743,No,No,No,"rb,rc,pl,fa,qr,fb,hl,pr,ql,ra,hr",Male,White
00959,No,No,No,"rc,qr,pr,ql,hr,hl,rb,ra,fa,fb,pl",Male,White
00119,No,No,No,"fb,pr,pl,fa,hr",Male,Other
00577,No,No,No,"rc,re,ql,hl,fb,fa,pr,qr,hr,pl,rd",Male,White
00514,Yes,No,Yes,"hl,hr,a,pr,fb,qr,ql,fa,pl",Male,White
00422,No,No,No,"hl,hr,fa,fb,pr,pl",Female,Black
00679,No,No,No,"rc,rb,qr,ql,fb,hr,fa,pr,ra,pl,hl",Male,Asian
00784,No,No,No,"fa,pl,qr,rb,hr,hl,ra,pr,rc,ql,fb",Male,Asian
00195,No,No,No,"hr,pr,hl,pl,fb,fa",Male,White
00311,No,No,No,"hl,fa,pr,pl,hr,fb",Female,Hispanic
00220,No,No,No,"pr,fb,fa,hl,hr,pl",Male,Hispanic
00055,Yes,No,No,a,Male,Asian
00295,Yes,No,No,"a,fa,pr,hr,hl,fb,pl",Male,White
00841,No,No,No,"pr,fb,pl,hr,fa",Male,Asian
00399,No,No,No,"pr,fb,pl,hl,hr,fa",Female,White
00397,No,No,No,"hr,fb,pl,fa,hl,pr",Female,White
00560,No,No,No,"hr,pr,ql,fb,pl,fa,qr,hl",Female,White
00023,No,Yes,No,"pr,hl,fa,hr,fb",Male,Asian
00739,No,No,No,"re,hr,ql,pl,qr,rc,hl,pr,fa,rd,fb",Male,Asian
00796,No,No,No,"rb,fb,hr,pl,pr,rc,ql,qr,fa,ra",Male,White
00459,No,No,No,"pr,hr,pl,hl,fa,fb",Female,White
00830,Yes,No,No,"hl,a,fb,pr,fa,pl,hr",Male,White
00951,No,No,No,"qr,pl,fb,fa,ra,rc,pr,hr,ql,hl,rb",Female,Other
00807,No,Yes,No,"qr,ra,rb,ql,pr,pl,rc,hl,fa,hr,fb",Male,White
00166,No,No,No,"fb,pl,fa,hr,pr",Male,Asian
00676,No,No,No,"ra,hr,pr,hl,rb,fa,qr,fb,pl,ql,rc",Female,Asian
00083,Yes,No,No,a,Male,White
00179,No,No,No,"pr,fa,hr,fb,pl",Male,Asian
00854,No,No,Yes,"fa,hr,pr,hl,pl,fb",Male,Black
00051,No,No,No,"fa,hl,pl,pr,fb",Male,White
00140,No,No,No,"hr,fb,pl,rd,re,hl,qr,fa,ql,rc,pr",Female,White
00519,Yes,No,No,"hl,a,ra,qr,fb,ql,hr,pr,rc,rb,fa,pl",Male,White
00033,No,No,No,"pr,hr,fb,fa,hl",Female,White
00627,No,No,No,"pl,hr,rb,qr,fa,rc,ra,fb,pr,hl,ql",Male,White
00452,No,No,No,"fa,hl,fb,hr,pl,pr",Female,Asian
00962,No,No,No,"hl,re,fb,hr,fa,ql,pl,rd,qr,pr,rc",Female,White
00017,No,No,No,"hl,hr,fa,fb,pr",Male,Asian
00046,No,No,No,"fb,pr,pl,hr,fa",Male,Asian
00704,No,No,No,"fb,ra,pr,hl,rc,qr,rb,ql,pl,fa,hr",Female,White
00312,No,No,No,"hr,pl,fb,pr,fa,hl",Female,White
00912,No,No,No,"pr,rd,pl,fb,hr,qr,hl,rc,ql,fa,re",Male,Asian
00974,No,No,No,"pl,rd,fb,hr,re,fa,ql,qr,pr,hl,rc",Female,Black
00239,No,No,No,"pl,hr,fb,fa,pr",Female,Asian
00410,No,No,No,"pl,fa,pr,hl,hr,fb",Female,Asian
00353,No,No,No,"pr,fa,hr,hl,fb,pl",Female,White
00405,No,No,No,"pl,hl,fb,pr,hr",Female,Black
00645,No,No,No,"rc,hl,rb,ra,fa,pl,pr,hr,ql,fb,qr",Male,White
00885,No,No,No,"ra,fa,fb,hl,qr,pr,hr,rb,pl,rc,ql",Male,White
00799,No,No,No,"ql,ra,pr,rc,pl,hr,hl,fa,rb,qr,fb",Male,Hispanic
00447,No,No,No,"pl,fb,hr,fa,hl,pr",Female,White
00505,No,No,No,"ql,fa,hl,pl,fb,hr,pr,qr,ra,rb,rc",Female,White
00745,No,No,No,"pl,hr,rc,fb,re,ra,rb,hl,qr,fa,ql,pr,rd",Female,White
00985,No,No,Yes,"hl,qr,fb,pr,pl,hr,re,ql,rd,rc",Male,White
00750,No,No,No,"hr,pl,fa,rd,qr,rc,pr,hl,re,ql,fb",Male,White
00691,No,No,No,"ra,fb,fa,hr,hl,pl,ql,pr,rc,rb,qr",Male,White
00824,No,No,No,"hl,fa,fb,pl,pr,hr",Female,White
00673,No,No,No,"hr,qr,rc,rd,pl,fb,re,hl,pr,ql,fa",Male,Asian
00303,No,Yes,No,"hl,pr,hr,pl,fa,fb",Male,White
00877,No,No,No,"ql,fa,pl,pr,hr,hl,rc,re,rd,qr,fb",Male,White
00859,No,No,No,"hl,fa,pl,fb,hr,pr",Male,Asian
00019,No,No,No,"fb,hr,pl,pr,hl,fa",Male,White
00623,No,No,No,"ra,rb,pr,hl,rc,ql,fb,qr,pl,fa,hr",Male,White
00108,No,Yes,No,"pr,fb,fa,ql,hl,hr,pl,rc,qr,ra,rb,re,rd",Male,Black
00301,No,No,No,"pr,fb,hl,hr,fa,pl",Male,White
00024,Yes,No,No,"pr,a,fa,hr,fb,hl,pl",Male,White
00579,No,No,No,"rc,ql,re,hr,qr,fa,rd,pl,fb,pr,hl",Female,Pacific
00294,Yes,No,No,"a,pl,fa,hl,hr,fb,pr",Female,Asian
00831,No,No,No,"pl,pr,fb,hr,fa,hl",Female,White
00606,No,No,No,"fb,qr,fa,re,pl,ql,rc,hr,hl,pr,rd",Female,White
00330,No,No,No,"fb,pr,hr,pl,hl,fa",Female,Asian
00482,No,No,No,"qr,pr,ql,hr,fa,pl,hl,fb",Female,Asian
00496,No,No,Yes,"ql,fa,fb,qr,hl,pl,pr,hr",Male,Hispanic
00992,No,No,No,"re,qr,rd,fa,hr,ql,fb,pl,hl,pr,rc",Male,Asian
00919,No,No,No,"pl,rc,pr,fb,fa,ra,qr,hl,ql,rb,hr",Male,White
00342,No,No,No,"fb,hl,hr,pr,pl,fa",Female,White
00118,Yes,Yes,No,a,Male,White
00802,No,Yes,No,"ql,hl,hr,rc,pr,rb,pl,qr,fa,ra,fb",Male,White
00144,No,No,No,"pr,fb,fa,hl,pl",Male,White
00639,No,No,No,"rc,hl,ql,qr,pr,pl,fb,fa,ra,hr,rb",Female,Asian
00941,No,No,No,"fa,hr,qr,fb,ra,ql,rc,pr,rb,hl,pl",Female,White
00600,No,No,No,"rc,rd,hl,fb,re,hr,qr,fa,ql,pr,pl",Female,Asian
00359,No,No,No,"pl,fb,hl,hr,fa,pr",Male,White
00940,No,No,No,"rc,qr,fb,re,rd,pl,fa,ql,hr,pr,hl",Male,Pacific
00953,No,No,No,"fa,rb,ra,ql,pr,hr,pl,rc,fb,qr,hl",Female,White
00128,Yes,No,No,a,Male,Asian
00041,No,No,No,"fa,hr,pr,fb,hl",Female,White
00903,No,No,No,"qr,ql,rd,rc,hr,hl,pl,pr,fb,re,fa",Female,White
00419,No,No,No,"fb,pl,fa,pr,hr,hl",Female,White
00546,Yes,No,Yes,"a,hr,ql,pr,fb,qr,fa,hl,pl",Male,White
00214,No,No,No,"pl,hl,pr,hr,fb,fa",Female,White
00484,No,Yes,No,"pr,hr,hl,qr,ql,pl,fa,fb",Male,White
00138,No,No,No,"pl,fb,fa,pr,hl",Male,White
00520,Yes,Yes,No,"pr,a,pl,fb,fa,hr,hl,ql,qr",Male,White
00681,No,No,No,"ql,fa,pl,rc,hl,hr,rb,qr,pr,ra,fb",Female,Asian
00233,Yes,No,No,a,Male,Asian
00308,No,No,No,"fa,pl,hl,fb,hr,pr",Female,White
00426,No,No,No,"fb,pl,fa,pr,hl,hr",Female,White
00936,No,No,No,"ra,pl,fb,rc,qr,rb,ql,hl,pr,hr,fa",Female,Hispanic
00334,No,No,No,"hr,hl,pr,fa,pl,fb",Male,White
00067,Yes,No,Yes,a,Male,White
00365,No,No,No,"hl,pr,fa,fb,pl,hr",Female,White
00148,No,No,No,"pr,fb,fa,pl,hr",Male,White
00791,No,No,No,"fa,rc,fb,hr,pl,qr,ql,pr,hl,rb,ra",Female,White
00225,Yes,No,No,a,Female,White
00465,Yes,No,No,"ql,a,pl,pr,fa,rc,rd,hl,qr,hr,fb,re",Male,White
00293,No,No,No,"pr,fb,pl,fa,hl,hr",Female,White
00821,Yes,No,No,"a,pr,fa,pl,fb,hl,hr",Male,White
00325,Yes,No,No,"a,pl,fa,hl,hr,pr,fb",Female,White
00565,No,No,No,"rc,pr,pl,hr,hl,rb,re,ra,fb,qr,fa,rd,ql",Male,White
00497,Yes,No,Yes,"pr,fb,hr,pl,fa,a,hl,qr,ql",Male,White
00318,No,No,No,"hl,pr,fb,pl,hr,fa",Male,Hispanic
00100,Yes,No,Yes,a,Male,Asian
00158,No,No,No,"fa,pr,fb,hr,pl",Female,White
00819,No,No,No,"fa,fb,hr,pr,pl,hl",Male,White
00996,No,No,No,"hl,rc,hr,re,rd,ql,fa,qr,pr,fb,pl",Female,White
00931,No,Yes,No,"hr,pr,fa,ra,fb,hl,ql,rc,rb,qr,pl",Male,Black
00563,No,No,No,"qr,rb,ql,fb,pl,hl,pr,rc,fa,ra,hr",Female,Asian
00404,No,No,No,"hr,hl,pr,fa,pl,fb",Female,White
00674,No,Yes,No,"pl,ql,fb,pr,hr,qr,ra,hl,rc,fa,rb",Male,White
00907,No,Yes,No,"pr,fa,ql,qr,hl,pl,fb,rc,hr,re,rb,rd,ra",Male,White
00328,No,No,No,"hl,pr,fb,pl,fa,hr",Female,White
00710,No,No,No,"fa,ql,pl,hl,rc,re,fb,pr,qr,rd,hr,rb,ra",Male,Asian
00862,No,No,No,"pr,hr,pl,fa,hl,fb",Male,Hispanic
00366,No,No,No,"hl,pl,pr,fb,hr,fa",Female,Hispanic
00876,No,No,No,"hl,rd,hr,re,ql,qr,rc,pl,pr,fa,fb",Male,White
00883,No,No,No,"pr,qr,ql,fa,hr,pl,hl,rd,re,fb,rc",Female,Asian
00513,Yes,No,No,"hl,a,pr,hr,ql,fa,pl,qr",Male,White
00212,Yes,No,No,a,Female,White
00722,No,No,No,"hl,rb,qr,fa,fb,hr,ql,ra,re,pl,rc,rd,pr",Male,White
00031,Yes,No,No,a,Female,White
